Text;Size;Color;Angle;Font;Repeat;URL
UP;110;Random;Random;Random;Yes;http://wordart.com/go?word=up
FEEL;71;Random;Random;Random;Yes;http://wordart.com/go?word=feel
HOL';63;Random;Random;Random;Yes;http://wordart.com/go?word=hol'
BITCH;48;Random;Random;Random;Yes;http://wordart.com/go?word=bitch
YAH;43;Random;Random;Random;Yes;http://wordart.com/go?word=yah
LOVE;41;Random;Random;Random;Yes;http://wordart.com/go?word=love
LOYALTY;37;Random;Random;Random;Yes;http://wordart.com/go?word=loyalty
DOWN;36;Random;Random;Random;Yes;http://wordart.com/go?word=down
YEAH;33;Random;Random;Random;Yes;http://wordart.com/go?word=yeah
KNOW;32;Random;Random;Random;Yes;http://wordart.com/go?word=know
OUT;32;Random;Random;Random;Yes;http://wordart.com/go?word=out
WAY;29;Random;Random;Random;Yes;http://wordart.com/go?word=way
MAKE;28;Random;Random;Random;Yes;http://wordart.com/go?word=make
AYY;28;Random;Random;Random;Yes;http://wordart.com/go?word=ayy
DIE;27;Random;Random;Random;Yes;http://wordart.com/go?word=die
SHIT;26;Random;Random;Random;Yes;http://wordart.com/go?word=shit
NIGGA;26;Random;Random;Random;Yes;http://wordart.com/go?word=nigga
TAKE;26;Random;Random;Random;Yes;http://wordart.com/go?word=take
LIL';26;Random;Random;Random;Yes;http://wordart.com/go?word=lil'
LIFE;25;Random;Random;Random;Yes;http://wordart.com/go?word=life
WANNA;25;Random;Random;Random;Yes;http://wordart.com/go?word=wanna
GOD;25;Random;Random;Random;Yes;http://wordart.com/go?word=god
FEAR;25;Random;Random;Random;Yes;http://wordart.com/go?word=fear
SIT;25;Random;Random;Random;Yes;http://wordart.com/go?word=sit
GO;24;Random;Random;Random;Yes;http://wordart.com/go?word=go
ASS;24;Random;Random;Random;Yes;http://wordart.com/go?word=ass
LOOK;23;Random;Random;Random;Yes;http://wordart.com/go?word=look
PUT;22;Random;Random;Random;Yes;http://wordart.com/go?word=put
MONEY;21;Random;Random;Random;Yes;http://wordart.com/go?word=money
'EM;21;Random;Random;Random;Yes;http://wordart.com/go?word='em
NOW;21;Random;Random;Random;Yes;http://wordart.com/go?word=now
FUCK;20;Random;Random;Random;Yes;http://wordart.com/go?word=fuck
DNA;19;Random;Random;Random;Yes;http://wordart.com/go?word=dna
ONE;19;Random;Random;Random;Yes;http://wordart.com/go?word=one
TELL;19;Random;Random;Random;Yes;http://wordart.com/go?word=tell
HUMBLE;19;Random;Random;Random;Yes;http://wordart.com/go?word=humble
SEE;18;Random;Random;Random;Yes;http://wordart.com/go?word=see
BACK;18;Random;Random;Random;Yes;http://wordart.com/go?word=back
WORLD;17;Random;Random;Random;Yes;http://wordart.com/go?word=world
Y'ALL;17;Random;Random;Random;Yes;http://wordart.com/go?word=y'all
WANT;17;Random;Random;Random;Yes;http://wordart.com/go?word=want
GONNA;16;Random;Random;Random;Yes;http://wordart.com/go?word=gonna
SOMETHIN';16;Random;Random;Random;Yes;http://wordart.com/go?word=somethin'
INSIDE;16;Random;Random;Random;Yes;http://wordart.com/go?word=inside
NOBODY;16;Random;Random;Random;Yes;http://wordart.com/go?word=nobody
HUH;16;Random;Random;Random;Yes;http://wordart.com/go?word=huh
HIGH;16;Random;Random;Random;Yes;http://wordart.com/go?word=high
FEELIN';16;Random;Random;Random;Yes;http://wordart.com/go?word=feelin'
HA;16;Random;Random;Random;Yes;http://wordart.com/go?word=ha
PROLLY;15;Random;Random;Random;Yes;http://wordart.com/go?word=prolly
EARTH;15;Random;Random;Random;Yes;http://wordart.com/go?word=earth
BETTER;15;Random;Random;Random;Yes;http://wordart.com/go?word=better
GOTTA;15;Random;Random;Random;Yes;http://wordart.com/go?word=gotta
PRAYIN';15;Random;Random;Random;Yes;http://wordart.com/go?word=prayin'
TIME;14;Random;Random;Random;Yes;http://wordart.com/go?word=time
GIVE;14;Random;Random;Random;Yes;http://wordart.com/go?word=give
NEED;14;Random;Random;Random;Yes;http://wordart.com/go?word=need
YO;14;Random;Random;Random;Yes;http://wordart.com/go?word=yo
MAYBE;14;Random;Random;Random;Yes;http://wordart.com/go?word=maybe
OVER;13;Random;Random;Random;Yes;http://wordart.com/go?word=over
HEAD;13;Random;Random;Random;Yes;http://wordart.com/go?word=head
MORE;13;Random;Random;Random;Yes;http://wordart.com/go?word=more
BEAT;13;Random;Random;Random;Yes;http://wordart.com/go?word=beat
STILL;13;Random;Random;Random;Yes;http://wordart.com/go?word=still
TOUCH;13;Random;Random;Random;Yes;http://wordart.com/go?word=touch
TALKIN';12;Random;Random;Random;Yes;http://wordart.com/go?word=talkin'
CARE;12;Random;Random;Random;Yes;http://wordart.com/go?word=care
MAN;11;Random;Random;Random;Yes;http://wordart.com/go?word=man
LATELY;11;Random;Random;Random;Yes;http://wordart.com/go?word=lately
'BOUT;11;Random;Random;Random;Yes;http://wordart.com/go?word='bout
NEW;10;Random;Random;Random;Yes;http://wordart.com/go?word=new
AGAIN;10;Random;Random;Random;Yes;http://wordart.com/go?word=again
WORK;10;Random;Random;Random;Yes;http://wordart.com/go?word=work
NEVER;10;Random;Random;Random;Yes;http://wordart.com/go?word=never
DAMN;10;Random;Random;Random;Yes;http://wordart.com/go?word=damn
KEEP;10;Random;Random;Random;Yes;http://wordart.com/go?word=keep
RUN;10;Random;Random;Random;Yes;http://wordart.com/go?word=run
HARD;9;Random;Random;Random;Yes;http://wordart.com/go?word=hard
DONE;9;Random;Random;Random;Yes;http://wordart.com/go?word=done
HIT;9;Random;Random;Random;Yes;http://wordart.com/go?word=hit
NOTHIN';9;Random;Random;Random;Yes;http://wordart.com/go?word=nothin'
MADE;9;Random;Random;Random;Yes;http://wordart.com/go?word=made
SEXY;9;Random;Random;Random;Yes;http://wordart.com/go?word=sexy
PERFECT;9;Random;Random;Random;Yes;http://wordart.com/go?word=perfect
LOST;8;Random;Random;Random;Yes;http://wordart.com/go?word=lost
KILL;8;Random;Random;Random;Yes;http://wordart.com/go?word=kill
'CAUSE;8;Random;Random;Random;Yes;http://wordart.com/go?word='cause
SON;8;Random;Random;Random;Yes;http://wordart.com/go?word=son
WELL;8;Random;Random;Random;Yes;http://wordart.com/go?word=well
HERE;8;Random;Random;Random;Yes;http://wordart.com/go?word=here
LIVIN';8;Random;Random;Random;Yes;http://wordart.com/go?word=livin'
LORD;8;Random;Random;Random;Yes;http://wordart.com/go?word=lord
FAMILY;8;Random;Random;Random;Yes;http://wordart.com/go?word=family
KILLED;8;Random;Random;Random;Yes;http://wordart.com/go?word=killed
TWO;8;Random;Random;Random;Yes;http://wordart.com/go?word=two
NIGGAS;8;Random;Random;Random;Yes;http://wordart.com/go?word=niggas
I'MA;8;Random;Random;Random;Yes;http://wordart.com/go?word=i'ma
GODDAMN;8;Random;Random;Random;Yes;http://wordart.com/go?word=goddamn
CHIP;8;Random;Random;Random;Yes;http://wordart.com/go?word=chip
GIRL;8;Random;Random;Random;Yes;http://wordart.com/go?word=girl
FEELINGS;8;Random;Random;Random;Yes;http://wordart.com/go?word=feelings
WATCH;8;Random;Random;Random;Yes;http://wordart.com/go?word=watch
BUZZIN';8;Random;Random;Random;Yes;http://wordart.com/go?word=buzzin'
LIVE;7;Random;Random;Random;Yes;http://wordart.com/go?word=live
STREET;7;Random;Random;Random;Yes;http://wordart.com/go?word=street
HEART;7;Random;Random;Random;Yes;http://wordart.com/go?word=heart
HOP;7;Random;Random;Random;Yes;http://wordart.com/go?word=hop
YEARS;7;Random;Random;Random;Yes;http://wordart.com/go?word=years
PULL;7;Random;Random;Random;Yes;http://wordart.com/go?word=pull
TOLD;7;Random;Random;Random;Yes;http://wordart.com/go?word=told
TRUST;7;Random;Random;Random;Yes;http://wordart.com/go?word=trust
ANTHONY;7;Random;Random;Random;Yes;http://wordart.com/go?word=anthony
CAME;7;Random;Random;Random;Yes;http://wordart.com/go?word=came
RIDE;7;Random;Random;Random;Yes;http://wordart.com/go?word=ride
GOOD;7;Random;Random;Random;Yes;http://wordart.com/go?word=good
OKAY;7;Random;Random;Random;Yes;http://wordart.com/go?word=okay
REAL;7;Random;Random;Random;Yes;http://wordart.com/go?word=real
CALL;7;Random;Random;Random;Yes;http://wordart.com/go?word=call
BITCHES;7;Random;Random;Random;Yes;http://wordart.com/go?word=bitches
FILL;7;Random;Random;Random;Yes;http://wordart.com/go?word=fill
RIGHT;7;Random;Random;Random;Yes;http://wordart.com/go?word=right
JUDGE;7;Random;Random;Random;Yes;http://wordart.com/go?word=judge
LUST;7;Random;Random;Random;Yes;http://wordart.com/go?word=lust
TAUGHT;7;Random;Random;Random;Yes;http://wordart.com/go?word=taught
MURDER;6;Random;Random;Random;Yes;http://wordart.com/go?word=murder
GON';6;Random;Random;Random;Yes;http://wordart.com/go?word=gon'
UNTIL;6;Random;Random;Random;Yes;http://wordart.com/go?word=until
PRAY;6;Random;Random;Random;Yes;http://wordart.com/go?word=pray
LAST;6;Random;Random;Random;Yes;http://wordart.com/go?word=last
NAME;6;Random;Random;Random;Yes;http://wordart.com/go?word=name
STREETS;6;Random;Random;Random;Yes;http://wordart.com/go?word=streets
ELEMENT;6;Random;Random;Random;Yes;http://wordart.com/go?word=element
THINKIN';6;Random;Random;Random;Yes;http://wordart.com/go?word=thinkin'
MAMA;6;Random;Random;Random;Yes;http://wordart.com/go?word=mama
SOMEBODY;6;Random;Random;Random;Yes;http://wordart.com/go?word=somebody
BAD;6;Random;Random;Random;Yes;http://wordart.com/go?word=bad
MYSELF;6;Random;Random;Random;Yes;http://wordart.com/go?word=myself
COME;6;Random;Random;Random;Yes;http://wordart.com/go?word=come
TODAY;6;Random;Random;Random;Yes;http://wordart.com/go?word=today
BLOOD;6;Random;Random;Random;Yes;http://wordart.com/go?word=blood
RUSH;6;Random;Random;Random;Yes;http://wordart.com/go?word=rush
ANOTHER;6;Random;Random;Random;Yes;http://wordart.com/go?word=another
LOVELY;6;Random;Random;Random;Yes;http://wordart.com/go?word=lovely
FIRED;6;Random;Random;Random;Yes;http://wordart.com/go?word=fired
FIRE;6;Random;Random;Random;Yes;http://wordart.com/go?word=fire
CLOSE;6;Random;Random;Random;Yes;http://wordart.com/go?word=close
SHARE;6;Random;Random;Random;Yes;http://wordart.com/go?word=share
MO';6;Random;Random;Random;Yes;http://wordart.com/go?word=mo'
WALK;5;Random;Random;Random;Yes;http://wordart.com/go?word=walk
DAY;5;Random;Random;Random;Yes;http://wordart.com/go?word=day
WOMAN;5;Random;Random;Random;Yes;http://wordart.com/go?word=woman
OH;5;Random;Random;Random;Yes;http://wordart.com/go?word=oh
LINE;5;Random;Random;Random;Yes;http://wordart.com/go?word=line
THROUGH;5;Random;Random;Random;Yes;http://wordart.com/go?word=through
BABY;5;Random;Random;Random;Yes;http://wordart.com/go?word=baby
TIMES;5;Random;Random;Random;Yes;http://wordart.com/go?word=times
ENOUGH;5;Random;Random;Random;Yes;http://wordart.com/go?word=enough
YOURSELF;5;Random;Random;Random;Yes;http://wordart.com/go?word=yourself
BIG;5;Random;Random;Random;Yes;http://wordart.com/go?word=big
COUSIN;5;Random;Random;Random;Yes;http://wordart.com/go?word=cousin
KICK;5;Random;Random;Random;Yes;http://wordart.com/go?word=kick
SAME;5;Random;Random;Random;Yes;http://wordart.com/go?word=same
FUCKIN';5;Random;Random;Random;Yes;http://wordart.com/go?word=fuckin'
PUSSY;5;Random;Random;Random;Yes;http://wordart.com/go?word=pussy
AIR;5;Random;Random;Random;Yes;http://wordart.com/go?word=air
FLEX;5;Random;Random;Random;Yes;http://wordart.com/go?word=flex
THROW;5;Random;Random;Random;Yes;http://wordart.com/go?word=throw
BLACK;5;Random;Random;Random;Yes;http://wordart.com/go?word=black
FULL;5;Random;Random;Random;Yes;http://wordart.com/go?word=full
FEET;5;Random;Random;Random;Yes;http://wordart.com/go?word=feet
HOUSE;5;Random;Random;Random;Yes;http://wordart.com/go?word=house
ROLL;5;Random;Random;Random;Yes;http://wordart.com/go?word=roll
LOSIN';5;Random;Random;Random;Yes;http://wordart.com/go?word=losin'
AMERICA;5;Random;Random;Random;Yes;http://wordart.com/go?word=america
WHOLE;5;Random;Random;Random;Yes;http://wordart.com/go?word=whole
JT;5;Random;Random;Random;Yes;http://wordart.com/go?word=jt
HUNDRED;5;Random;Random;Random;Yes;http://wordart.com/go?word=hundred
EVERYTHING;5;Random;Random;Random;Yes;http://wordart.com/go?word=everything
OOH;5;Random;Random;Random;Yes;http://wordart.com/go?word=ooh
SHOW;5;Random;Random;Random;Yes;http://wordart.com/go?word=show
WORTH;5;Random;Random;Random;Yes;http://wordart.com/go?word=worth
LOYAL;5;Random;Random;Random;Yes;http://wordart.com/go?word=loyal
WAKE;5;Random;Random;Random;Yes;http://wordart.com/go?word=wake
MORNIN';5;Random;Random;Random;Yes;http://wordart.com/go?word=mornin'
BIT;4;Random;Random;Random;Yes;http://wordart.com/go?word=bit
FIND;4;Random;Random;Random;Yes;http://wordart.com/go?word=find
ROYALTY;4;Random;Random;Random;Yes;http://wordart.com/go?word=royalty
POWER;4;Random;Random;Random;Yes;http://wordart.com/go?word=power
BIRD;4;Random;Random;Random;Yes;http://wordart.com/go?word=bird
DEAD;4;Random;Random;Random;Yes;http://wordart.com/go?word=dead
MEAN;4;Random;Random;Random;Yes;http://wordart.com/go?word=mean
CASE;4;Random;Random;Random;Yes;http://wordart.com/go?word=case
SIPPIN';4;Random;Random;Random;Yes;http://wordart.com/go?word=sippin'
WINDOW;4;Random;Random;Random;Yes;http://wordart.com/go?word=window
BODY;4;Random;Random;Random;Yes;http://wordart.com/go?word=body
FAITH;4;Random;Random;Random;Yes;http://wordart.com/go?word=faith
ALWAYS;4;Random;Random;Random;Yes;http://wordart.com/go?word=always
REMEMBER;4;Random;Random;Random;Yes;http://wordart.com/go?word=remember
HAPPENS;4;Random;Random;Random;Yes;http://wordart.com/go?word=happens
STAYS;4;Random;Random;Random;Yes;http://wordart.com/go?word=stays
MANY;4;Random;Random;Random;Yes;http://wordart.com/go?word=many
THOUGHTS;4;Random;Random;Random;Yes;http://wordart.com/go?word=thoughts
PROJECTS;4;Random;Random;Random;Yes;http://wordart.com/go?word=projects
LAUGHIN';4;Random;Random;Random;Yes;http://wordart.com/go?word=laughin'
OLD;4;Random;Random;Random;Yes;http://wordart.com/go?word=old
START;4;Random;Random;Random;Yes;http://wordart.com/go?word=start
CAUGHT;4;Random;Random;Random;Yes;http://wordart.com/go?word=caught
CHICKEN;4;Random;Random;Random;Yes;http://wordart.com/go?word=chicken
BEFORE;4;Random;Random;Random;Yes;http://wordart.com/go?word=before
THOUGHT;4;Random;Random;Random;Yes;http://wordart.com/go?word=thought
GREATEST;4;Random;Random;Random;Yes;http://wordart.com/go?word=greatest
KUNG;4;Random;Random;Random;Yes;http://wordart.com/go?word=kung
FU;4;Random;Random;Random;Yes;http://wordart.com/go?word=fu
KENNY;4;Random;Random;Random;Yes;http://wordart.com/go?word=kenny
PROMISE;4;Random;Random;Random;Yes;http://wordart.com/go?word=promise
EYES;4;Random;Random;Random;Yes;http://wordart.com/go?word=eyes
THINK;4;Random;Random;Random;Yes;http://wordart.com/go?word=think
PEOPLE;4;Random;Random;Random;Yes;http://wordart.com/go?word=people
RUNNIN';4;Random;Random;Random;Yes;http://wordart.com/go?word=runnin'
TRYNA;4;Random;Random;Random;Yes;http://wordart.com/go?word=tryna
AWAY;4;Random;Random;Random;Yes;http://wordart.com/go?word=away
WEED;4;Random;Random;Random;Yes;http://wordart.com/go?word=weed
LEAVE;4;Random;Random;Random;Yes;http://wordart.com/go?word=leave
TYPE;4;Random;Random;Random;Yes;http://wordart.com/go?word=type
CALLED;4;Random;Random;Random;Yes;http://wordart.com/go?word=called
YO';4;Random;Random;Random;Yes;http://wordart.com/go?word=yo'
ASK;4;Random;Random;Random;Yes;http://wordart.com/go?word=ask
FUNK;4;Random;Random;Random;Yes;http://wordart.com/go?word=funk
TALK;4;Random;Random;Random;Yes;http://wordart.com/go?word=talk
SWERVE;4;Random;Random;Random;Yes;http://wordart.com/go?word=swerve
WATER;4;Random;Random;Random;Yes;http://wordart.com/go?word=water
FAVORITE;4;Random;Random;Random;Yes;http://wordart.com/go?word=favorite
BET;4;Random;Random;Random;Yes;http://wordart.com/go?word=bet
JOHNNY;4;Random;Random;Random;Yes;http://wordart.com/go?word=johnny
RADARS;4;Random;Random;Random;Yes;http://wordart.com/go?word=radars
WICKEDNESS;3;Random;Random;Random;Yes;http://wordart.com/go?word=wickedness
SEEN;3;Random;Random;Random;Yes;http://wordart.com/go?word=seen
WATCHIN';3;Random;Random;Random;Yes;http://wordart.com/go?word=watchin'
HAND;3;Random;Random;Random;Yes;http://wordart.com/go?word=hand
QUARTER;3;Random;Random;Random;Yes;http://wordart.com/go?word=quarter
PIECE;3;Random;Random;Random;Yes;http://wordart.com/go?word=piece
PEACE;3;Random;Random;Random;Yes;http://wordart.com/go?word=peace
PAIN;3;Random;Random;Random;Yes;http://wordart.com/go?word=pain
FLOW;3;Random;Random;Random;Yes;http://wordart.com/go?word=flow
BORN;3;Random;Random;Random;Yes;http://wordart.com/go?word=born
KIDS;3;Random;Random;Random;Yes;http://wordart.com/go?word=kids
DARK;3;Random;Random;Random;Yes;http://wordart.com/go?word=dark
SOUND;3;Random;Random;Random;Yes;http://wordart.com/go?word=sound
YOU'S;3;Random;Random;Random;Yes;http://wordart.com/go?word=you's
DADDY;3;Random;Random;Random;Yes;http://wordart.com/go?word=daddy
FRONT;3;Random;Random;Random;Yes;http://wordart.com/go?word=front
WISH;3;Random;Random;Random;Yes;http://wordart.com/go?word=wish
EXTRA;3;Random;Random;Random;Yes;http://wordart.com/go?word=extra
YOUNG;3;Random;Random;Random;Yes;http://wordart.com/go?word=young
LISTEN;3;Random;Random;Random;Yes;http://wordart.com/go?word=listen
KNOWS;3;Random;Random;Random;Yes;http://wordart.com/go?word=knows
GOIN';3;Random;Random;Random;Yes;http://wordart.com/go?word=goin'
PHONE;3;Random;Random;Random;Yes;http://wordart.com/go?word=phone
WITHOUT;3;Random;Random;Random;Yes;http://wordart.com/go?word=without
SICK;3;Random;Random;Random;Yes;http://wordart.com/go?word=sick
RICH;3;Random;Random;Random;Yes;http://wordart.com/go?word=rich
LOT;3;Random;Random;Random;Yes;http://wordart.com/go?word=lot
ONCE;3;Random;Random;Random;Yes;http://wordart.com/go?word=once
MOTHAFUCKA;3;Random;Random;Random;Yes;http://wordart.com/go?word=mothafucka
TRUE;3;Random;Random;Random;Yes;http://wordart.com/go?word=true
CHILDREN;3;Random;Random;Random;Yes;http://wordart.com/go?word=children
GUN;3;Random;Random;Random;Yes;http://wordart.com/go?word=gun
SPOT;3;Random;Random;Random;Yes;http://wordart.com/go?word=spot
SEVEN;3;Random;Random;Random;Yes;http://wordart.com/go?word=seven
HOMIE;3;Random;Random;Random;Yes;http://wordart.com/go?word=homie
DOLLARS;3;Random;Random;Random;Yes;http://wordart.com/go?word=dollars
DAILY;3;Random;Random;Random;Yes;http://wordart.com/go?word=daily
FIRST;3;Random;Random;Random;Yes;http://wordart.com/go?word=first
HUSTLIN';3;Random;Random;Random;Yes;http://wordart.com/go?word=hustlin'
TOP;3;Random;Random;Random;Yes;http://wordart.com/go?word=top
DUCKY;3;Random;Random;Random;Yes;http://wordart.com/go?word=ducky
HOPIN';3;Random;Random;Random;Yes;http://wordart.com/go?word=hopin'
SIDE;3;Random;Random;Random;Yes;http://wordart.com/go?word=side
AROUND;3;Random;Random;Random;Yes;http://wordart.com/go?word=around
PLACE;3;Random;Random;Random;Yes;http://wordart.com/go?word=place
SELLIN';3;Random;Random;Random;Yes;http://wordart.com/go?word=sellin'
SIDES;3;Random;Random;Random;Yes;http://wordart.com/go?word=sides
SLIDE;3;Random;Random;Random;Yes;http://wordart.com/go?word=slide
FACT;3;Random;Random;Random;Yes;http://wordart.com/go?word=fact
BOTH;3;Random;Random;Random;Yes;http://wordart.com/go?word=both
ENEMY;3;Random;Random;Random;Yes;http://wordart.com/go?word=enemy
SLAP;3;Random;Random;Random;Yes;http://wordart.com/go?word=slap
NAH;3;Random;Random;Random;Yes;http://wordart.com/go?word=nah
NONE;3;Random;Random;Random;Yes;http://wordart.com/go?word=none
FAKE;3;Random;Random;Random;Yes;http://wordart.com/go?word=fake
DEATH;3;Random;Random;Random;Yes;http://wordart.com/go?word=death
TV;3;Random;Random;Random;Yes;http://wordart.com/go?word=tv
ARTISTS;3;Random;Random;Random;Yes;http://wordart.com/go?word=artists
BOUGHT;3;Random;Random;Random;Yes;http://wordart.com/go?word=bought
OUTSIDE;3;Random;Random;Random;Yes;http://wordart.com/go?word=outside
HEAR;3;Random;Random;Random;Yes;http://wordart.com/go?word=hear
PROMISES;3;Random;Random;Random;Yes;http://wordart.com/go?word=promises
COOL;3;Random;Random;Random;Yes;http://wordart.com/go?word=cool
ACTIN';3;Random;Random;Random;Yes;http://wordart.com/go?word=actin'
BEIN';3;Random;Random;Random;Yes;http://wordart.com/go?word=bein'
WAITIN';3;Random;Random;Random;Yes;http://wordart.com/go?word=waitin'
FAST;3;Random;Random;Random;Yes;http://wordart.com/go?word=fast
BUY;3;Random;Random;Random;Yes;http://wordart.com/go?word=buy
BLOCK;3;Random;Random;Random;Yes;http://wordart.com/go?word=block
SCARED;3;Random;Random;Random;Yes;http://wordart.com/go?word=scared
WHATEVER;3;Random;Random;Random;Yes;http://wordart.com/go?word=whatever
PUNISH;3;Random;Random;Random;Yes;http://wordart.com/go?word=punish
COMMANDMENTS;3;Random;Random;Random;Yes;http://wordart.com/go?word=commandments
AMERICAN;3;Random;Random;Random;Yes;http://wordart.com/go?word=american
BLESS;3;Random;Random;Random;Yes;http://wordart.com/go?word=bless
BANK;3;Random;Random;Random;Yes;http://wordart.com/go?word=bank
SWOLE;3;Random;Random;Random;Yes;http://wordart.com/go?word=swole
NIGHT;3;Random;Random;Random;Yes;http://wordart.com/go?word=night
NATURAL;3;Random;Random;Random;Yes;http://wordart.com/go?word=natural
OUTRUN;3;Random;Random;Random;Yes;http://wordart.com/go?word=outrun
BUBBLY;3;Random;Random;Random;Yes;http://wordart.com/go?word=bubbly
BLADE;3;Random;Random;Random;Yes;http://wordart.com/go?word=blade
CURB;3;Random;Random;Random;Yes;http://wordart.com/go?word=curb
MINIMIZED;3;Random;Random;Random;Yes;http://wordart.com/go?word=minimized
NET;3;Random;Random;Random;Yes;http://wordart.com/go?word=net
HUND';3;Random;Random;Random;Yes;http://wordart.com/go?word=hund'
COMIN';3;Random;Random;Random;Yes;http://wordart.com/go?word=comin'
DOOR;3;Random;Random;Random;Yes;http://wordart.com/go?word=door
EXIT;3;Random;Random;Random;Yes;http://wordart.com/go?word=exit
GEEKED;3;Random;Random;Random;Yes;http://wordart.com/go?word=geeked
TONIGHT;3;Random;Random;Random;Yes;http://wordart.com/go?word=tonight
SHIMMY;3;Random;Random;Random;Yes;http://wordart.com/go?word=shimmy
YA;3;Random;Random;Random;Yes;http://wordart.com/go?word=ya
ANYBODY;3;Random;Random;Random;Yes;http://wordart.com/go?word=anybody
SIMMER;3;Random;Random;Random;Yes;http://wordart.com/go?word=simmer
OVERHEAT;3;Random;Random;Random;Yes;http://wordart.com/go?word=overheat
COMFORT;3;Random;Random;Random;Yes;http://wordart.com/go?word=comfort
VEIN;3;Random;Random;Random;Yes;http://wordart.com/go?word=vein
HEARTBEAT;3;Random;Random;Random;Yes;http://wordart.com/go?word=heartbeat
RACIN';3;Random;Random;Random;Yes;http://wordart.com/go?word=racin'
JUNKIE'S;3;Random;Random;Random;Yes;http://wordart.com/go?word=junkie's
ASKIN';3;Random;Random;Random;Yes;http://wordart.com/go?word=askin'
MUCH;3;Random;Random;Random;Yes;http://wordart.com/go?word=much
RESPECT;3;Random;Random;Random;Yes;http://wordart.com/go?word=respect
CAT;3;Random;Random;Random;Yes;http://wordart.com/go?word=cat
COMEDY;3;Random;Random;Random;Yes;http://wordart.com/go?word=comedy
SURELY;3;Random;Random;Random;Yes;http://wordart.com/go?word=surely
PROBABLY;3;Random;Random;Random;Yes;http://wordart.com/go?word=probably
COLD;3;Random;Random;Random;Yes;http://wordart.com/go?word=cold
LITTLE;3;Random;Random;Random;Yes;http://wordart.com/go?word=little
BLOWER;3;Random;Random;Random;Yes;http://wordart.com/go?word=blower
LAP;3;Random;Random;Random;Yes;http://wordart.com/go?word=lap
WEAKNESS;2;Random;Random;Random;Yes;http://wordart.com/go?word=weakness
DECIDE;2;Random;Random;Random;Yes;http://wordart.com/go?word=decide
TAKIN';2;Random;Random;Random;Yes;http://wordart.com/go?word=takin'
HAVIN';2;Random;Random;Random;Yes;http://wordart.com/go?word=havin'
STRUGGLE;2;Random;Random;Random;Yes;http://wordart.com/go?word=struggle
SEEMS;2;Random;Random;Random;Yes;http://wordart.com/go?word=seems
SOMETHING;2;Random;Random;Random;Yes;http://wordart.com/go?word=something
HELP;2;Random;Random;Random;Yes;http://wordart.com/go?word=help
LAMAR;2;Random;Random;Random;Yes;http://wordart.com/go?word=lamar
HATE;2;Random;Random;Random;Yes;http://wordart.com/go?word=hate
PLEASE;2;Random;Random;Random;Yes;http://wordart.com/go?word=please
WAR;2;Random;Random;Random;Yes;http://wordart.com/go?word=war
POISON;2;Random;Random;Random;Yes;http://wordart.com/go?word=poison
THOUGH;2;Random;Random;Random;Yes;http://wordart.com/go?word=though
AMBITION;2;Random;Random;Random;Yes;http://wordart.com/go?word=ambition
MEDITATE;2;Random;Random;Random;Yes;http://wordart.com/go?word=meditate
FUCKING;2;Random;Random;Random;Yes;http://wordart.com/go?word=fucking
BED;2;Random;Random;Random;Yes;http://wordart.com/go?word=bed
MILLIONS;2;Random;Random;Random;Yes;http://wordart.com/go?word=millions
RICHES;2;Random;Random;Random;Yes;http://wordart.com/go?word=riches
BUILDIN';2;Random;Random;Random;Yes;http://wordart.com/go?word=buildin'
WIN;2;Random;Random;Random;Yes;http://wordart.com/go?word=win
SERVE;2;Random;Random;Random;Yes;http://wordart.com/go?word=serve
PROBLEM;2;Random;Random;Random;Yes;http://wordart.com/go?word=problem
HERITAGE;2;Random;Random;Random;Yes;http://wordart.com/go?word=heritage
OLDEST;2;Random;Random;Random;Yes;http://wordart.com/go?word=oldest
FATHERS;2;Random;Random;Random;Yes;http://wordart.com/go?word=fathers
CHECKED;2;Random;Random;Random;Yes;http://wordart.com/go?word=checked
SECOND;2;Random;Random;Random;Yes;http://wordart.com/go?word=second
STAY;2;Random;Random;Random;Yes;http://wordart.com/go?word=stay
SHINE;2;Random;Random;Random;Yes;http://wordart.com/go?word=shine
ROLLIN';2;Random;Random;Random;Yes;http://wordart.com/go?word=rollin'
DICE;2;Random;Random;Random;Yes;http://wordart.com/go?word=dice
DODGIN';2;Random;Random;Random;Yes;http://wordart.com/go?word=dodgin'
REAPIN';2;Random;Random;Random;Yes;http://wordart.com/go?word=reapin'
SLEEPIN';2;Random;Random;Random;Yes;http://wordart.com/go?word=sleepin'
WALKIN';2;Random;Random;Random;Yes;http://wordart.com/go?word=walkin'
POOL;2;Random;Random;Random;Yes;http://wordart.com/go?word=pool
EAT;2;Random;Random;Random;Yes;http://wordart.com/go?word=eat
FOUR;2;Random;Random;Random;Yes;http://wordart.com/go?word=four
DAUGHTERS;2;Random;Random;Random;Yes;http://wordart.com/go?word=daughters
COMPROMISE;2;Random;Random;Random;Yes;http://wordart.com/go?word=compromise
SEX;2;Random;Random;Random;Yes;http://wordart.com/go?word=sex
FATE;2;Random;Random;Random;Yes;http://wordart.com/go?word=fate
VS;2;Random;Random;Random;Yes;http://wordart.com/go?word=vs
REVERSE;2;Random;Random;Random;Yes;http://wordart.com/go?word=reverse
HAIL;2;Random;Random;Random;Yes;http://wordart.com/go?word=hail
MARY;2;Random;Random;Random;Yes;http://wordart.com/go?word=mary
DEMONS;2;Random;Random;Random;Yes;http://wordart.com/go?word=demons
RELATIVES;2;Random;Random;Random;Yes;http://wordart.com/go?word=relatives
SLEEP;2;Random;Random;Random;Yes;http://wordart.com/go?word=sleep
DEEP;2;Random;Random;Random;Yes;http://wordart.com/go?word=deep
UPON;2;Random;Random;Random;Yes;http://wordart.com/go?word=upon
PROCESS;2;Random;Random;Random;Yes;http://wordart.com/go?word=process
POVERTY'S;2;Random;Random;Random;Yes;http://wordart.com/go?word=poverty's
CRACK;2;Random;Random;Random;Yes;http://wordart.com/go?word=crack
COLLECTED;2;Random;Random;Random;Yes;http://wordart.com/go?word=collected
MOMMA;2;Random;Random;Random;Yes;http://wordart.com/go?word=momma
YEAR;2;Random;Random;Random;Yes;http://wordart.com/go?word=year
TELLIN';2;Random;Random;Random;Yes;http://wordart.com/go?word=tellin'
NANNY;2;Random;Random;Random;Yes;http://wordart.com/go?word=nanny
FIFTEEN;2;Random;Random;Random;Yes;http://wordart.com/go?word=fifteen
EVEN;2;Random;Random;Random;Yes;http://wordart.com/go?word=even
TWENTY;2;Random;Random;Random;Yes;http://wordart.com/go?word=twenty
COUPLE;2;Random;Random;Random;Yes;http://wordart.com/go?word=couple
BABIES;2;Random;Random;Random;Yes;http://wordart.com/go?word=babies
WITNESSES;2;Random;Random;Random;Yes;http://wordart.com/go?word=witnesses
PROVE;2;Random;Random;Random;Yes;http://wordart.com/go?word=prove
WENT;2;Random;Random;Random;Yes;http://wordart.com/go?word=went
PARKING;2;Random;Random;Random;Yes;http://wordart.com/go?word=parking
BLOCKS;2;Random;Random;Random;Yes;http://wordart.com/go?word=blocks
LIGHT;2;Random;Random;Random;Yes;http://wordart.com/go?word=light
FIVE;2;Random;Random;Random;Yes;http://wordart.com/go?word=five
FREAK;2;Random;Random;Random;Yes;http://wordart.com/go?word=freak
POCKET;2;Random;Random;Random;Yes;http://wordart.com/go?word=pocket
'CROSS;2;Random;Random;Random;Yes;http://wordart.com/go?word='cross
STUCK;2;Random;Random;Random;Yes;http://wordart.com/go?word=stuck
EIGHT;2;Random;Random;Random;Yes;http://wordart.com/go?word=eight
CRIME;2;Random;Random;Random;Yes;http://wordart.com/go?word=crime
MANAGER;2;Random;Random;Random;Yes;http://wordart.com/go?word=manager
FREE;2;Random;Random;Random;Yes;http://wordart.com/go?word=free
PAY;2;Random;Random;Random;Yes;http://wordart.com/go?word=pay
LIVES;2;Random;Random;Random;Yes;http://wordart.com/go?word=lives
CURSE;2;Random;Random;Random;Yes;http://wordart.com/go?word=curse
STRANGERS;2;Random;Random;Random;Yes;http://wordart.com/go?word=strangers
SOUL;2;Random;Random;Random;Yes;http://wordart.com/go?word=soul
LATER;2;Random;Random;Random;Yes;http://wordart.com/go?word=later
MEET;2;Random;Random;Random;Yes;http://wordart.com/go?word=meet
RAPPER;2;Random;Random;Random;Yes;http://wordart.com/go?word=rapper
GREW;2;Random;Random;Random;Yes;http://wordart.com/go?word=grew
FATHER;2;Random;Random;Random;Yes;http://wordart.com/go?word=father
WILLIN';2;Random;Random;Random;Yes;http://wordart.com/go?word=willin'
BIBLE;2;Random;Random;Random;Yes;http://wordart.com/go?word=bible
EYE;2;Random;Random;Random;Yes;http://wordart.com/go?word=eye
CATCH;2;Random;Random;Random;Yes;http://wordart.com/go?word=catch
HANGIN';2;Random;Random;Random;Yes;http://wordart.com/go?word=hangin'
'GRAM;2;Random;Random;Random;Yes;http://wordart.com/go?word='gram
COMPTON;2;Random;Random;Random;Yes;http://wordart.com/go?word=compton
DOPE;2;Random;Random;Random;Yes;http://wordart.com/go?word=dope
RAP;2;Random;Random;Random;Yes;http://wordart.com/go?word=rap
JUMP;2;Random;Random;Random;Yes;http://wordart.com/go?word=jump
FLOOR;2;Random;Random;Random;Yes;http://wordart.com/go?word=floor
LOGIC;2;Random;Random;Random;Yes;http://wordart.com/go?word=logic
YUHHH;2;Random;Random;Random;Yes;http://wordart.com/go?word=yuhhh
SHAME;2;Random;Random;Random;Yes;http://wordart.com/go?word=shame
DOT;2;Random;Random;Random;Yes;http://wordart.com/go?word=dot
NEXT;2;Random;Random;Random;Yes;http://wordart.com/go?word=next
LIES;2;Random;Random;Random;Yes;http://wordart.com/go?word=lies
FADE;2;Random;Random;Random;Yes;http://wordart.com/go?word=fade
HUNGRY;2;Random;Random;Random;Yes;http://wordart.com/go?word=hungry
CARL;2;Random;Random;Random;Yes;http://wordart.com/go?word=carl
MIND;2;Random;Random;Random;Yes;http://wordart.com/go?word=mind
UNDERSTAND;2;Random;Random;Random;Yes;http://wordart.com/go?word=understand
CURSED;2;Random;Random;Random;Yes;http://wordart.com/go?word=cursed
DEUTERONOMY;2;Random;Random;Random;Yes;http://wordart.com/go?word=deuteronomy
THEE;2;Random;Random;Random;Yes;http://wordart.com/go?word=thee
SHOULDER;2;Random;Random;Random;Yes;http://wordart.com/go?word=shoulder
SUFFER;2;Random;Random;Random;Yes;http://wordart.com/go?word=suffer
BROKEN;2;Random;Random;Random;Yes;http://wordart.com/go?word=broken
COUCH;2;Random;Random;Random;Yes;http://wordart.com/go?word=couch
POO;2;Random;Random;Random;Yes;http://wordart.com/go?word=poo
LOUD;2;Random;Random;Random;Yes;http://wordart.com/go?word=loud
PATIENCE;2;Random;Random;Random;Yes;http://wordart.com/go?word=patience
TWICE;2;Random;Random;Random;Yes;http://wordart.com/go?word=twice
SMOKE;2;Random;Random;Random;Yes;http://wordart.com/go?word=smoke
PUFFS;2;Random;Random;Random;Yes;http://wordart.com/go?word=puffs
LIFE'S;2;Random;Random;Random;Yes;http://wordart.com/go?word=life's
PANTIES;2;Random;Random;Random;Yes;http://wordart.com/go?word=panties
HOME;2;Random;Random;Random;Yes;http://wordart.com/go?word=home
PARTIES;2;Random;Random;Random;Yes;http://wordart.com/go?word=parties
LEAVIN';2;Random;Random;Random;Yes;http://wordart.com/go?word=leavin'
DESPERATE;2;Random;Random;Random;Yes;http://wordart.com/go?word=desperate
HOMIES;2;Random;Random;Random;Yes;http://wordart.com/go?word=homies
THINGS;2;Random;Random;Random;Yes;http://wordart.com/go?word=things
PLAYIN';2;Random;Random;Random;Yes;http://wordart.com/go?word=playin'
BIGGEST;2;Random;Random;Random;Yes;http://wordart.com/go?word=biggest
HALL;2;Random;Random;Random;Yes;http://wordart.com/go?word=hall
HOLDIN';2;Random;Random;Random;Yes;http://wordart.com/go?word=holdin'
READ;2;Random;Random;Random;Yes;http://wordart.com/go?word=read
ACCOUNTANT;2;Random;Random;Random;Yes;http://wordart.com/go?word=accountant
FLIP;2;Random;Random;Random;Yes;http://wordart.com/go?word=flip
CITY;2;Random;Random;Random;Yes;http://wordart.com/go?word=city
PRIDE;2;Random;Random;Random;Yes;http://wordart.com/go?word=pride
HOPEFULLY;2;Random;Random;Random;Yes;http://wordart.com/go?word=hopefully
DISPERSE;2;Random;Random;Random;Yes;http://wordart.com/go?word=disperse
WITHIN;2;Random;Random;Random;Yes;http://wordart.com/go?word=within
FOURTEEN;2;Random;Random;Random;Yes;http://wordart.com/go?word=fourteen
TRACKS;2;Random;Random;Random;Yes;http://wordart.com/go?word=tracks
CARRIED;2;Random;Random;Random;Yes;http://wordart.com/go?word=carried
WAX;2;Random;Random;Random;Yes;http://wordart.com/go?word=wax
INIQUITIES;2;Random;Random;Random;Yes;http://wordart.com/go?word=iniquities
BLACKS;2;Random;Random;Random;Yes;http://wordart.com/go?word=blacks
ISRAEL;2;Random;Random;Random;Yes;http://wordart.com/go?word=israel
FOLLOW;2;Random;Random;Random;Yes;http://wordart.com/go?word=follow
CHASTEN;2;Random;Random;Random;Yes;http://wordart.com/go?word=chasten
FRIENDS;2;Random;Random;Random;Yes;http://wordart.com/go?word=friends
FAKIN';2;Random;Random;Random;Yes;http://wordart.com/go?word=fakin'
STOP;2;Random;Random;Random;Yes;http://wordart.com/go?word=stop
MUSIC;2;Random;Random;Random;Yes;http://wordart.com/go?word=music
HOPE;2;Random;Random;Random;Yes;http://wordart.com/go?word=hope
FALSE;2;Random;Random;Random;Yes;http://wordart.com/go?word=false
PRISON;2;Random;Random;Random;Yes;http://wordart.com/go?word=prison
FALLIN';2;Random;Random;Random;Yes;http://wordart.com/go?word=fallin'
BANKS;2;Random;Random;Random;Yes;http://wordart.com/go?word=banks
RELIGION;2;Random;Random;Random;Yes;http://wordart.com/go?word=religion
SCREAM;2;Random;Random;Random;Yes;http://wordart.com/go?word=scream
FINGER;2;Random;Random;Random;Yes;http://wordart.com/go?word=finger
HANDLE;2;Random;Random;Random;Yes;http://wordart.com/go?word=handle
FRIEND;2;Random;Random;Random;Yes;http://wordart.com/go?word=friend
MINE;2;Random;Random;Random;Yes;http://wordart.com/go?word=mine
SOMETIMES;2;Random;Random;Random;Yes;http://wordart.com/go?word=sometimes
QUIT;2;Random;Random;Random;Yes;http://wordart.com/go?word=quit
STROKE;2;Random;Random;Random;Yes;http://wordart.com/go?word=stroke
SANDMAN;2;Random;Random;Random;Yes;http://wordart.com/go?word=sandman
PLAY;2;Random;Random;Random;Yes;http://wordart.com/go?word=play
SPEAK;2;Random;Random;Random;Yes;http://wordart.com/go?word=speak
LEAN;2;Random;Random;Random;Yes;http://wordart.com/go?word=lean
FEELING;2;Random;Random;Random;Yes;http://wordart.com/go?word=feeling
END;2;Random;Random;Random;Yes;http://wordart.com/go?word=end
MAD;2;Random;Random;Random;Yes;http://wordart.com/go?word=mad
ALRIGHT;2;Random;Random;Random;Yes;http://wordart.com/go?word=alright
FOREVER;2;Random;Random;Random;Yes;http://wordart.com/go?word=forever
SWITCHIN';2;Random;Random;Random;Yes;http://wordart.com/go?word=switchin'
WRONG;2;Random;Random;Random;Yes;http://wordart.com/go?word=wrong
SHIFTY;2;Random;Random;Random;Yes;http://wordart.com/go?word=shifty
FAME;2;Random;Random;Random;Yes;http://wordart.com/go?word=fame
MMM;2;Random;Random;Random;Yes;http://wordart.com/go?word=mmm
HOT;2;Random;Random;Random;Yes;http://wordart.com/go?word=hot
EVERYBODY'S;2;Random;Random;Random;Yes;http://wordart.com/go?word=everybody's
MOTHERFUCKIN';2;Random;Random;Random;Yes;http://wordart.com/go?word=motherfuckin'
NIKE;2;Random;Random;Random;Yes;http://wordart.com/go?word=nike
RATTLES;2;Random;Random;Random;Yes;http://wordart.com/go?word=rattles
BATTLES;2;Random;Random;Random;Yes;http://wordart.com/go?word=battles
EXPECTED;2;Random;Random;Random;Yes;http://wordart.com/go?word=expected
LICK;2;Random;Random;Random;Yes;http://wordart.com/go?word=lick
COP;2;Random;Random;Random;Yes;http://wordart.com/go?word=cop
FIT;2;Random;Random;Random;Yes;http://wordart.com/go?word=fit
KICKS;2;Random;Random;Random;Yes;http://wordart.com/go?word=kicks
CLUB;2;Random;Random;Random;Yes;http://wordart.com/go?word=club
COUNT;2;Random;Random;Random;Yes;http://wordart.com/go?word=count
PROMISED;2;Random;Random;Random;Yes;http://wordart.com/go?word=promised
HOUR;2;Random;Random;Random;Yes;http://wordart.com/go?word=hour
CHANGE;2;Random;Random;Random;Yes;http://wordart.com/go?word=change
NEWS;2;Random;Random;Random;Yes;http://wordart.com/go?word=news
LOOKIN';2;Random;Random;Random;Yes;http://wordart.com/go?word=lookin'
MARRIED;2;Random;Random;Random;Yes;http://wordart.com/go?word=married
YOURS;2;Random;Random;Random;Yes;http://wordart.com/go?word=yours
SPIRIT;2;Random;Random;Random;Yes;http://wordart.com/go?word=spirit
MEN;2;Random;Random;Random;Yes;http://wordart.com/go?word=men
INSECURE;2;Random;Random;Random;Yes;http://wordart.com/go?word=insecure
POINT;2;Random;Random;Random;Yes;http://wordart.com/go?word=point
OVERCOME;2;Random;Random;Random;Yes;http://wordart.com/go?word=overcome
CHOOSE;2;Random;Random;Random;Yes;http://wordart.com/go?word=choose
SERVICE;2;Random;Random;Random;Yes;http://wordart.com/go?word=service
COURT;2;Random;Random;Random;Yes;http://wordart.com/go?word=court
YESTERDAY;2;Random;Random;Random;Yes;http://wordart.com/go?word=yesterday
NIECE;2;Random;Random;Random;Yes;http://wordart.com/go?word=niece
COUNTRY;2;Random;Random;Random;Yes;http://wordart.com/go?word=country
DRUM;2;Random;Random;Random;Yes;http://wordart.com/go?word=drum
BASS;2;Random;Random;Random;Yes;http://wordart.com/go?word=bass
FOX;2;Random;Random;Random;Yes;http://wordart.com/go?word=fox
ET;2;Random;Random;Random;Yes;http://wordart.com/go?word=et
CETERA;2;Random;Random;Random;Yes;http://wordart.com/go?word=cetera
BLIND;1;Random;Random;Random;Yes;http://wordart.com/go?word=blind
PACIN';1;Random;Random;Random;Yes;http://wordart.com/go?word=pacin'
SIDEWALK;1;Random;Random;Random;Yes;http://wordart.com/go?word=sidewalk
SEEMED;1;Random;Random;Random;Yes;http://wordart.com/go?word=seemed
FRUSTRATED;1;Random;Random;Random;Yes;http://wordart.com/go?word=frustrated
DROPPED;1;Random;Random;Random;Yes;http://wordart.com/go?word=dropped
FINDIN';1;Random;Random;Random;Yes;http://wordart.com/go?word=findin'
LEND;1;Random;Random;Random;Yes;http://wordart.com/go?word=lend
HELPING;1;Random;Random;Random;Yes;http://wordart.com/go?word=helping
HELLO;1;Random;Random;Random;Yes;http://wordart.com/go?word=hello
MA'AM;1;Random;Random;Random;Yes;http://wordart.com/go?word=ma'am
ASSISTANCE;1;Random;Random;Random;Yes;http://wordart.com/go?word=assistance
REPLIED;1;Random;Random;Random;Yes;http://wordart.com/go?word=replied
YES;1;Random;Random;Random;Yes;http://wordart.com/go?word=yes
STATED;1;Random;Random;Random;Yes;http://wordart.com/go?word=stated
VIEWS;1;Random;Random;Random;Yes;http://wordart.com/go?word=views
POLICE;1;Random;Random;Random;Yes;http://wordart.com/go?word=police
BRUTALITY;1;Random;Random;Random;Yes;http://wordart.com/go?word=brutality
SONG;1;Random;Random;Random;Yes;http://wordart.com/go?word=song
QUOTE;1;Random;Random;Random;Yes;http://wordart.com/go?word=quote
POPO;1;Random;Random;Random;Yes;http://wordart.com/go?word=popo
FO';1;Random;Random;Random;Yes;http://wordart.com/go?word=fo'
SHO';1;Random;Random;Random;Yes;http://wordart.com/go?word=sho'
UGH;1;Random;Random;Random;Yes;http://wordart.com/go?word=ugh
COCAINE;1;Random;Random;Random;Yes;http://wordart.com/go?word=cocaine
JOY;1;Random;Random;Random;Yes;http://wordart.com/go?word=joy
HUSTLE;1;Random;Random;Random;Yes;http://wordart.com/go?word=hustle
IMMACULATE;1;Random;Random;Random;Yes;http://wordart.com/go?word=immaculate
CONCEPTION;1;Random;Random;Random;Yes;http://wordart.com/go?word=conception
TRANSFORM;1;Random;Random;Random;Yes;http://wordart.com/go?word=transform
PERFORM;1;Random;Random;Random;Yes;http://wordart.com/go?word=perform
YESHUA;1;Random;Random;Random;Yes;http://wordart.com/go?word=yeshua
WEAPON;1;Random;Random;Random;Yes;http://wordart.com/go?word=weapon
CONTEMPLATE;1;Random;Random;Random;Yes;http://wordart.com/go?word=contemplate
REALNESS;1;Random;Random;Random;Yes;http://wordart.com/go?word=realness
EVIL;1;Random;Random;Random;Yes;http://wordart.com/go?word=evil
ROT;1;Random;Random;Random;Yes;http://wordart.com/go?word=rot
TROUBLESOME;1;Random;Random;Random;Yes;http://wordart.com/go?word=troublesome
WIMBLEDON;1;Random;Random;Random;Yes;http://wordart.com/go?word=wimbledon
ENGINE;1;Random;Random;Random;Yes;http://wordart.com/go?word=engine
FIREWORKS;1;Random;Random;Random;Yes;http://wordart.com/go?word=fireworks
CORVETTE;1;Random;Random;Random;Yes;http://wordart.com/go?word=corvette
TIRE;1;Random;Random;Random;Yes;http://wordart.com/go?word=tire
SKRRT;1;Random;Random;Random;Yes;http://wordart.com/go?word=skrrt
BOULEVARD;1;Random;Random;Random;Yes;http://wordart.com/go?word=boulevard
HORMONES;1;Random;Random;Random;Yes;http://wordart.com/go?word=hormones
SWITCH;1;Random;Random;Random;Yes;http://wordart.com/go?word=switch
SUCKER;1;Random;Random;Random;Yes;http://wordart.com/go?word=sucker
SNITCHED;1;Random;Random;Random;Yes;http://wordart.com/go?word=snitched
BACKBONE;1;Random;Random;Random;Yes;http://wordart.com/go?word=backbone
EXIST;1;Random;Random;Random;Yes;http://wordart.com/go?word=exist
ONSIDE;1;Random;Random;Random;Yes;http://wordart.com/go?word=onside
JELLYFISH;1;Random;Random;Random;Yes;http://wordart.com/go?word=jellyfish
GAUGE;1;Random;Random;Random;Yes;http://wordart.com/go?word=gauge
PEDIGREE;1;Random;Random;Random;Yes;http://wordart.com/go?word=pedigree
DEFINITELY;1;Random;Random;Random;Yes;http://wordart.com/go?word=definitely
TOLERATE;1;Random;Random;Random;Yes;http://wordart.com/go?word=tolerate
OFFEND;1;Random;Random;Random;Yes;http://wordart.com/go?word=offend
PAULA'S;1;Random;Random;Random;Yes;http://wordart.com/go?word=paula's
CONVICTION;1;Random;Random;Random;Yes;http://wordart.com/go?word=conviction
BURNERS;1;Random;Random;Random;Yes;http://wordart.com/go?word=burners
BOOSTERS;1;Random;Random;Random;Yes;http://wordart.com/go?word=boosters
BURGLARS;1;Random;Random;Random;Yes;http://wordart.com/go?word=burglars
BALLERS;1;Random;Random;Random;Yes;http://wordart.com/go?word=ballers
REDEMPTION;1;Random;Random;Random;Yes;http://wordart.com/go?word=redemption
SCHOLARS;1;Random;Random;Random;Yes;http://wordart.com/go?word=scholars
FED;1;Random;Random;Random;Yes;http://wordart.com/go?word=fed
FORGIVENESS;1;Random;Random;Random;Yes;http://wordart.com/go?word=forgiveness
SOLDIER'S;1;Random;Random;Random;Yes;http://wordart.com/go?word=soldier's
BEAST;1;Random;Random;Random;Yes;http://wordart.com/go?word=beast
EXPERTISE;1;Random;Random;Random;Yes;http://wordart.com/go?word=expertise
GRADE;1;Random;Random;Random;Yes;http://wordart.com/go?word=grade
SALE;1;Random;Random;Random;Yes;http://wordart.com/go?word=sale
MOTEL;1;Random;Random;Random;Yes;http://wordart.com/go?word=motel
NOWHERE;1;Random;Random;Random;Yes;http://wordart.com/go?word=nowhere
CARTWHEEL;1;Random;Random;Random;Yes;http://wordart.com/go?word=cartwheel
ESTATE;1;Random;Random;Random;Yes;http://wordart.com/go?word=estate
SUPPOSED;1;Random;Random;Random;Yes;http://wordart.com/go?word=supposed
ANTISOCIAL;1;Random;Random;Random;Yes;http://wordart.com/go?word=antisocial
EXTROVERT;1;Random;Random;Random;Yes;http://wordart.com/go?word=extrovert
EXCELLENT;1;Random;Random;Random;Yes;http://wordart.com/go?word=excellent
ABSENTNESS;1;Random;Random;Random;Yes;http://wordart.com/go?word=absentness
HEARD;1;Random;Random;Random;Yes;http://wordart.com/go?word=heard
PESSIMISTS;1;Random;Random;Random;Yes;http://wordart.com/go?word=pessimists
STRUCK;1;Random;Random;Random;Yes;http://wordart.com/go?word=struck
NERVE;1;Random;Random;Random;Yes;http://wordart.com/go?word=nerve
NAZARETH;1;Random;Random;Random;Yes;http://wordart.com/go?word=nazareth
PLEAD;1;Random;Random;Random;Yes;http://wordart.com/go?word=plead
REASON;1;Random;Random;Random;Yes;http://wordart.com/go?word=reason
POWER'S;1;Random;Random;Random;Yes;http://wordart.com/go?word=power's
SALUTE;1;Random;Random;Random;Yes;http://wordart.com/go?word=salute
TRUTH;1;Random;Random;Random;Yes;http://wordart.com/go?word=truth
PROPHET;1;Random;Random;Random;Yes;http://wordart.com/go?word=prophet
HIP;1;Random;Random;Random;Yes;http://wordart.com/go?word=hip
DAMAGE;1;Random;Random;Random;Yes;http://wordart.com/go?word=damage
AFRICAN;1;Random;Random;Random;Yes;http://wordart.com/go?word=african
AMERICANS;1;Random;Random;Random;Yes;http://wordart.com/go?word=americans
RACISM;1;Random;Random;Random;Yes;http://wordart.com/go?word=racism
RECENT;1;Random;Random;Random;Yes;http://wordart.com/go?word=recent
SEVERAL;1;Random;Random;Random;Yes;http://wordart.com/go?word=several
INHERITIN';1;Random;Random;Random;Yes;http://wordart.com/go?word=inheritin'
MECCA;1;Random;Random;Random;Yes;http://wordart.com/go?word=mecca
MARRIAGES;1;Random;Random;Random;Yes;http://wordart.com/go?word=marriages
MOTHAFUCKAS;1;Random;Random;Random;Yes;http://wordart.com/go?word=mothafuckas
IMITATION;1;Random;Random;Random;Yes;http://wordart.com/go?word=imitation
ABOMINATION;1;Random;Random;Random;Yes;http://wordart.com/go?word=abomination
MATRIX;1;Random;Random;Random;Yes;http://wordart.com/go?word=matrix
BULLETS;1;Random;Random;Random;Yes;http://wordart.com/go?word=bullets
SOW;1;Random;Random;Random;Yes;http://wordart.com/go?word=sow
STACKIN';1;Random;Random;Random;Yes;http://wordart.com/go?word=stackin'
FOOTAGE;1;Random;Random;Random;Yes;http://wordart.com/go?word=footage
VILLA;1;Random;Random;Random;Yes;http://wordart.com/go?word=villa
GRAMMY;1;Random;Random;Random;Yes;http://wordart.com/go?word=grammy
DIAMOND;1;Random;Random;Random;Yes;http://wordart.com/go?word=diamond
CEILIN';1;Random;Random;Random;Yes;http://wordart.com/go?word=ceilin'
MARBLE;1;Random;Random;Random;Yes;http://wordart.com/go?word=marble
FLOORS;1;Random;Random;Random;Yes;http://wordart.com/go?word=floors
BEACH;1;Random;Random;Random;Yes;http://wordart.com/go?word=beach
PEEKIN';1;Random;Random;Random;Yes;http://wordart.com/go?word=peekin'
GODFATHER;1;Random;Random;Random;Yes;http://wordart.com/go?word=godfather
GOALS;1;Random;Random;Random;Yes;http://wordart.com/go?word=goals
HAMMER;1;Random;Random;Random;Yes;http://wordart.com/go?word=hammer
PAPARAZZI;1;Random;Random;Random;Yes;http://wordart.com/go?word=paparazzi
FREAKIN';1;Random;Random;Random;Yes;http://wordart.com/go?word=freakin'
CAMERAS;1;Random;Random;Random;Yes;http://wordart.com/go?word=cameras
BROCK;1;Random;Random;Random;Yes;http://wordart.com/go?word=brock
WEARIN';1;Random;Random;Random;Yes;http://wordart.com/go?word=wearin'
SANDALS;1;Random;Random;Random;Yes;http://wordart.com/go?word=sandals
YOGA;1;Random;Random;Random;Yes;http://wordart.com/go?word=yoga
MONDAY;1;Random;Random;Random;Yes;http://wordart.com/go?word=monday
STRETCHIN';1;Random;Random;Random;Yes;http://wordart.com/go?word=stretchin'
NIRVANA;1;Random;Random;Random;Yes;http://wordart.com/go?word=nirvana
SNAKES;1;Random;Random;Random;Yes;http://wordart.com/go?word=snakes
CURVIN';1;Random;Random;Random;Yes;http://wordart.com/go?word=curvin'
FAKES;1;Random;Random;Random;Yes;http://wordart.com/go?word=fakes
CONVERSATE;1;Random;Random;Random;Yes;http://wordart.com/go?word=conversate
PENETRATE;1;Random;Random;Random;Yes;http://wordart.com/go?word=penetrate
BREAKS;1;Random;Random;Random;Yes;http://wordart.com/go?word=breaks
LEVEL;1;Random;Random;Random;Yes;http://wordart.com/go?word=level
NUMBER;1;Random;Random;Random;Yes;http://wordart.com/go?word=number
SKY;1;Random;Random;Random;Yes;http://wordart.com/go?word=sky
SENTENCE;1;Random;Random;Random;Yes;http://wordart.com/go?word=sentence
KILLINGS;1;Random;Random;Random;Yes;http://wordart.com/go?word=killings
MOTHERFUCKER;1;Random;Random;Random;Yes;http://wordart.com/go?word=motherfucker
WINNERS;1;Random;Random;Random;Yes;http://wordart.com/go?word=winners
BELT;1;Random;Random;Random;Yes;http://wordart.com/go?word=belt
TICKET;1;Random;Random;Random;Yes;http://wordart.com/go?word=ticket
PLATE;1;Random;Random;Random;Yes;http://wordart.com/go?word=plate
SKATE;1;Random;Random;Random;Yes;http://wordart.com/go?word=skate
DESTRUCTION;1;Random;Random;Random;Yes;http://wordart.com/go?word=destruction
ROTATE;1;Random;Random;Random;Yes;http://wordart.com/go?word=rotate
FOUND;1;Random;Random;Random;Yes;http://wordart.com/go?word=found
DARLING;1;Random;Random;Random;Yes;http://wordart.com/go?word=darling
TELLING;1;Random;Random;Random;Yes;http://wordart.com/go?word=telling
REMIND;1;Random;Random;Random;Yes;http://wordart.com/go?word=remind
SWEETHEART;1;Random;Random;Random;Yes;http://wordart.com/go?word=sweetheart
MARIJUANA;1;Random;Random;Random;Yes;http://wordart.com/go?word=marijuana
HOOLIGANS;1;Random;Random;Random;Yes;http://wordart.com/go?word=hooligans
SHADOWS;1;Random;Random;Random;Yes;http://wordart.com/go?word=shadows
FELLOWSHIP;1;Random;Random;Random;Yes;http://wordart.com/go?word=fellowship
STAR;1;Random;Random;Random;Yes;http://wordart.com/go?word=star
FUNNY;1;Random;Random;Random;Yes;http://wordart.com/go?word=funny
COMEDIAN;1;Random;Random;Random;Yes;http://wordart.com/go?word=comedian
BUGGIN';1;Random;Random;Random;Yes;http://wordart.com/go?word=buggin'
INFOMERCIALS;1;Random;Random;Random;Yes;http://wordart.com/go?word=infomercials
INTROVERTED;1;Random;Random;Random;Yes;http://wordart.com/go?word=introverted
GETS;1;Random;Random;Random;Yes;http://wordart.com/go?word=gets
NICKERSON;1;Random;Random;Random;Yes;http://wordart.com/go?word=nickerson
GARDEN;1;Random;Random;Random;Yes;http://wordart.com/go?word=garden
OBJECT;1;Random;Random;Random;Yes;http://wordart.com/go?word=object
DIGEST;1;Random;Random;Random;Yes;http://wordart.com/go?word=digest
DIALECT;1;Random;Random;Random;Yes;http://wordart.com/go?word=dialect
ADAPTATION;1;Random;Random;Random;Yes;http://wordart.com/go?word=adaptation
INEVITABLE;1;Random;Random;Random;Yes;http://wordart.com/go?word=inevitable
VIOLENCE;1;Random;Random;Random;Yes;http://wordart.com/go?word=violence
FEDERAL;1;Random;Random;Random;Yes;http://wordart.com/go?word=federal
POLICIES;1;Random;Random;Random;Yes;http://wordart.com/go?word=policies
RAID;1;Random;Random;Random;Yes;http://wordart.com/go?word=raid
BUILDINGS;1;Random;Random;Random;Yes;http://wordart.com/go?word=buildings
DRUG;1;Random;Random;Random;Yes;http://wordart.com/go?word=drug
PROFESSIONALS;1;Random;Random;Random;Yes;http://wordart.com/go?word=professionals
RESPECTED;1;Random;Random;Random;Yes;http://wordart.com/go?word=respected
CALM;1;Random;Random;Random;Yes;http://wordart.com/go?word=calm
JOKIN';1;Random;Random;Random;Yes;http://wordart.com/go?word=jokin'
EASIER;1;Random;Random;Random;Yes;http://wordart.com/go?word=easier
NEEDED;1;Random;Random;Random;Yes;http://wordart.com/go?word=needed
HISTORY;1;Random;Random;Random;Yes;http://wordart.com/go?word=history
PIMPIN';1;Random;Random;Random;Yes;http://wordart.com/go?word=pimpin'
BANGIN';1;Random;Random;Random;Yes;http://wordart.com/go?word=bangin'
MEANT;1;Random;Random;Random;Yes;http://wordart.com/go?word=meant
DANGEROUS;1;Random;Random;Random;Yes;http://wordart.com/go?word=dangerous
CLOCKED;1;Random;Random;Random;Yes;http://wordart.com/go?word=clocked
GRIP;1;Random;Random;Random;Yes;http://wordart.com/go?word=grip
SLANGIN';1;Random;Random;Random;Yes;http://wordart.com/go?word=slangin'
SCRAPIN';1;Random;Random;Random;Yes;http://wordart.com/go?word=scrapin'
JEANS;1;Random;Random;Random;Yes;http://wordart.com/go?word=jeans
PIECES;1;Random;Random;Random;Yes;http://wordart.com/go?word=pieces
SMOKER;1;Random;Random;Random;Yes;http://wordart.com/go?word=smoker
WEEKEND;1;Random;Random;Random;Yes;http://wordart.com/go?word=weekend
DODGED;1;Random;Random;Random;Yes;http://wordart.com/go?word=dodged
POLICEMAN;1;Random;Random;Random;Yes;http://wordart.com/go?word=policeman
WORKIN';1;Random;Random;Random;Yes;http://wordart.com/go?word=workin'
SMALL;1;Random;Random;Random;Yes;http://wordart.com/go?word=small
HUSTLER;1;Random;Random;Random;Yes;http://wordart.com/go?word=hustler
GRADUATED;1;Random;Random;Random;Yes;http://wordart.com/go?word=graduated
BRICK;1;Random;Random;Random;Yes;http://wordart.com/go?word=brick
PROJECT;1;Random;Random;Random;Yes;http://wordart.com/go?word=project
HOUSING;1;Random;Random;Random;Yes;http://wordart.com/go?word=housing
MIL;1;Random;Random;Random;Yes;http://wordart.com/go?word=mil
SHOOTERS;1;Random;Random;Random;Yes;http://wordart.com/go?word=shooters
FINGERPRINTS;1;Random;Random;Random;Yes;http://wordart.com/go?word=fingerprints
ASSUMIN';1;Random;Random;Random;Yes;http://wordart.com/go?word=assumin'
TURNED;1;Random;Random;Random;Yes;http://wordart.com/go?word=turned
SHUFFLIN';1;Random;Random;Random;Yes;http://wordart.com/go?word=shufflin'
RANG;1;Random;Random;Random;Yes;http://wordart.com/go?word=rang
TONE;1;Random;Random;Random;Yes;http://wordart.com/go?word=tone
MUSTANG;1;Random;Random;Random;Yes;http://wordart.com/go?word=mustang
THING;1;Random;Random;Random;Yes;http://wordart.com/go?word=thing
CIRCLIN';1;Random;Random;Random;Yes;http://wordart.com/go?word=circlin'
LOTS;1;Random;Random;Random;Yes;http://wordart.com/go?word=lots
SPOTS;1;Random;Random;Random;Yes;http://wordart.com/go?word=spots
HOPPIN';1;Random;Random;Random;Yes;http://wordart.com/go?word=hoppin'
HARRASSIN';1;Random;Random;Random;Yes;http://wordart.com/go?word=harrassin'
CORNER;1;Random;Random;Random;Yes;http://wordart.com/go?word=corner
CROOKED;1;Random;Random;Random;Yes;http://wordart.com/go?word=crooked
COPS;1;Random;Random;Random;Yes;http://wordart.com/go?word=cops
BRUSHED;1;Random;Random;Random;Yes;http://wordart.com/go?word=brushed
WALKED;1;Random;Random;Random;Yes;http://wordart.com/go?word=walked
KENTUCKY;1;Random;Random;Random;Yes;http://wordart.com/go?word=kentucky
FRIED;1;Random;Random;Random;Yes;http://wordart.com/go?word=fried
SKINNED;1;Random;Random;Random;Yes;http://wordart.com/go?word=skinned
TALKED;1;Random;Random;Random;Yes;http://wordart.com/go?word=talked
CURLY;1;Random;Random;Random;Yes;http://wordart.com/go?word=curly
GAP;1;Random;Random;Random;Yes;http://wordart.com/go?word=gap
TEETH;1;Random;Random;Random;Yes;http://wordart.com/go?word=teeth
WORKED;1;Random;Random;Random;Yes;http://wordart.com/go?word=worked
ROBERT;1;Random;Random;Random;Yes;http://wordart.com/go?word=robert
TAYLOR;1;Random;Random;Random;Yes;http://wordart.com/go?word=taylor
HOMES;1;Random;Random;Random;Yes;http://wordart.com/go?word=homes
SOUTHSIDE;1;Random;Random;Random;Yes;http://wordart.com/go?word=southside
CHIRAQ;1;Random;Random;Random;Yes;http://wordart.com/go?word=chiraq
TERROR;1;Random;Random;Random;Yes;http://wordart.com/go?word=terror
DOME;1;Random;Random;Random;Yes;http://wordart.com/go?word=dome
DROVE;1;Random;Random;Random;Yes;http://wordart.com/go?word=drove
CALIFORNIA;1;Random;Random;Random;Yes;http://wordart.com/go?word=california
COLLEGE;1;Random;Random;Random;Yes;http://wordart.com/go?word=college
NINE;1;Random;Random;Random;Yes;http://wordart.com/go?word=nine
CADILLAC;1;Random;Random;Random;Yes;http://wordart.com/go?word=cadillac
SEVILLE;1;Random;Random;Random;Yes;http://wordart.com/go?word=seville
WEEKENDS;1;Random;Random;Random;Yes;http://wordart.com/go?word=weekends
THREE;1;Random;Random;Random;Yes;http://wordart.com/go?word=three
SPECIAL;1;Random;Random;Random;Yes;http://wordart.com/go?word=special
SHIRT;1;Random;Random;Random;Yes;http://wordart.com/go?word=shirt
PLANNED;1;Random;Random;Random;Yes;http://wordart.com/go?word=planned
ROB;1;Random;Random;Random;Yes;http://wordart.com/go?word=rob
AFFILIATION;1;Random;Random;Random;Yes;http://wordart.com/go?word=affiliation
REALLY;1;Random;Random;Random;Yes;http://wordart.com/go?word=really
GEARS;1;Random;Random;Random;Yes;http://wordart.com/go?word=gears
DEVILISH;1;Random;Random;Random;Yes;http://wordart.com/go?word=devilish
WORKS;1;Random;Random;Random;Yes;http://wordart.com/go?word=works
KILLIN';1;Random;Random;Random;Yes;http://wordart.com/go?word=killin'
INTELLIGENT;1;Random;Random;Random;Yes;http://wordart.com/go?word=intelligent
FELONIOUS;1;Random;Random;Random;Yes;http://wordart.com/go?word=felonious
PREVALENT;1;Random;Random;Random;Yes;http://wordart.com/go?word=prevalent
PROPOSITION;1;Random;Random;Random;Yes;http://wordart.com/go?word=proposition
'S;1;Random;Random;Random;Yes;http://wordart.com/go?word='s
AWARE;1;Random;Random;Random;Yes;http://wordart.com/go?word=aware
ROBBED;1;Random;Random;Random;Yes;http://wordart.com/go?word=robbed
SHOT;1;Random;Random;Random;Yes;http://wordart.com/go?word=shot
CUSTOMER;1;Random;Random;Random;Yes;http://wordart.com/go?word=customer
FIGURED;1;Random;Random;Random;Yes;http://wordart.com/go?word=figured
NIGGAS';1;Random;Random;Random;Yes;http://wordart.com/go?word=niggas'
POSTED;1;Random;Random;Random;Yes;http://wordart.com/go?word=posted
BISCUITS;1;Random;Random;Random;Yes;http://wordart.com/go?word=biscuits
LIKED;1;Random;Random;Random;Yes;http://wordart.com/go?word=liked
SURVIVE;1;Random;Random;Random;Yes;http://wordart.com/go?word=survive
ATTENTION;1;Random;Random;Random;Yes;http://wordart.com/go?word=attention
DECISION;1;Random;Random;Random;Yes;http://wordart.com/go?word=decision
CHANGED;1;Random;Random;Random;Yes;http://wordart.com/go?word=changed
MANIFEST;1;Random;Random;Random;Yes;http://wordart.com/go?word=manifest
KARMA;1;Random;Random;Random;Yes;http://wordart.com/go?word=karma
RANDOM;1;Random;Random;Random;Yes;http://wordart.com/go?word=random
PREDICAMENTS;1;Random;Random;Random;Yes;http://wordart.com/go?word=predicaments
CHOICES;1;Random;Random;Random;Yes;http://wordart.com/go?word=choices
RECORDING;1;Random;Random;Random;Yes;http://wordart.com/go?word=recording
STUDIOS;1;Random;Random;Random;Yes;http://wordart.com/go?word=studios
BENEFITS;1;Random;Random;Random;Yes;http://wordart.com/go?word=benefits
REMINDIN';1;Random;Random;Random;Yes;http://wordart.com/go?word=remindin'
INCIDENT;1;Random;Random;Random;Yes;http://wordart.com/go?word=incident
WHOEVER;1;Random;Random;Random;Yes;http://wordart.com/go?word=whoever
COINCIDENCE;1;Random;Random;Random;Yes;http://wordart.com/go?word=coincidence
DAWG;1;Random;Random;Random;Yes;http://wordart.com/go?word=dawg
SERVIN';1;Random;Random;Random;Yes;http://wordart.com/go?word=servin'
GUNFIGHT;1;Random;Random;Random;Yes;http://wordart.com/go?word=gunfight
CRIED;1;Random;Random;Random;Yes;http://wordart.com/go?word=cried
VIBE;1;Random;Random;Random;Yes;http://wordart.com/go?word=vibe
STOMPED;1;Random;Random;Random;Yes;http://wordart.com/go?word=stomped
COMMISSARY;1;Random;Random;Random;Yes;http://wordart.com/go?word=commissary
COMMAS;1;Random;Random;Random;Yes;http://wordart.com/go?word=commas
GRANDMAS;1;Random;Random;Random;Yes;http://wordart.com/go?word=grandmas
THIRTY;1;Random;Random;Random;Yes;http://wordart.com/go?word=thirty
FEDS;1;Random;Random;Random;Yes;http://wordart.com/go?word=feds
AUNTIE;1;Random;Random;Random;Yes;http://wordart.com/go?word=auntie
TELEGRAM;1;Random;Random;Random;Yes;http://wordart.com/go?word=telegram
CAUTIOUS;1;Random;Random;Random;Yes;http://wordart.com/go?word=cautious
TAM'S;1;Random;Random;Random;Yes;http://wordart.com/go?word=tam's
STOCKTON;1;Random;Random;Random;Yes;http://wordart.com/go?word=stockton
BROKE;1;Random;Random;Random;Yes;http://wordart.com/go?word=broke
MAINEY;1;Random;Random;Random;Yes;http://wordart.com/go?word=mainey
ALLERGIC;1;Random;Random;Random;Yes;http://wordart.com/go?word=allergic
IMAGINARY;1;Random;Random;Random;Yes;http://wordart.com/go?word=imaginary
FIGURES;1;Random;Random;Random;Yes;http://wordart.com/go?word=figures
HO;1;Random;Random;Random;Yes;http://wordart.com/go?word=ho
SLIMMER;1;Random;Random;Random;Yes;http://wordart.com/go?word=slimmer
FIGURE;1;Random;Random;Random;Yes;http://wordart.com/go?word=figure
DIGITAL;1;Random;Random;Random;Yes;http://wordart.com/go?word=digital
PHYSICAL;1;Random;Random;Random;Yes;http://wordart.com/go?word=physical
BUNCH;1;Random;Random;Random;Yes;http://wordart.com/go?word=bunch
CRIMINALS;1;Random;Random;Random;Yes;http://wordart.com/go?word=criminals
CALLS;1;Random;Random;Random;Yes;http://wordart.com/go?word=calls
FLY;1;Random;Random;Random;Yes;http://wordart.com/go?word=fly
RELOCATE;1;Random;Random;Random;Yes;http://wordart.com/go?word=relocate
CHECKIN';1;Random;Random;Random;Yes;http://wordart.com/go?word=checkin'
HEAVY;1;Random;Random;Random;Yes;http://wordart.com/go?word=heavy
READY;1;Random;Random;Random;Yes;http://wordart.com/go?word=ready
SPREAD;1;Random;Random;Random;Yes;http://wordart.com/go?word=spread
MAKIN';1;Random;Random;Random;Yes;http://wordart.com/go?word=makin'
MISTAKE;1;Random;Random;Random;Yes;http://wordart.com/go?word=mistake
LANDSLIDE;1;Random;Random;Random;Yes;http://wordart.com/go?word=landslide
RACES;1;Random;Random;Random;Yes;http://wordart.com/go?word=races
THIS'LL;1;Random;Random;Random;Yes;http://wordart.com/go?word=this'll
TIE;1;Random;Random;Random;Yes;http://wordart.com/go?word=tie
LACES;1;Random;Random;Random;Yes;http://wordart.com/go?word=laces
CAREERS;1;Random;Random;Random;Yes;http://wordart.com/go?word=careers
PATIENT;1;Random;Random;Random;Yes;http://wordart.com/go?word=patient
MR;1;Random;Random;Random;Yes;http://wordart.com/go?word=mr
CUBA;1;Random;Random;Random;Yes;http://wordart.com/go?word=cuba
OPTION;1;Random;Random;Random;Yes;http://wordart.com/go?word=option
DAMNED;1;Random;Random;Random;Yes;http://wordart.com/go?word=damned
FRONTLINE;1;Random;Random;Random;Yes;http://wordart.com/go?word=frontline
FREEWAY;1;Random;Random;Random;Yes;http://wordart.com/go?word=freeway
RECEIPT;1;Random;Random;Random;Yes;http://wordart.com/go?word=receipt
SQUEAL;1;Random;Random;Random;Yes;http://wordart.com/go?word=squeal
ENVY;1;Random;Random;Random;Yes;http://wordart.com/go?word=envy
JEALOUSY;1;Random;Random;Random;Yes;http://wordart.com/go?word=jealousy
ROCKS;1;Random;Random;Random;Yes;http://wordart.com/go?word=rocks
TRY;1;Random;Random;Random;Yes;http://wordart.com/go?word=try
HIDE;1;Random;Random;Random;Yes;http://wordart.com/go?word=hide
CANDYMAN;1;Random;Random;Random;Yes;http://wordart.com/go?word=candyman
ADVISED;1;Random;Random;Random;Yes;http://wordart.com/go?word=advised
LP;1;Random;Random;Random;Yes;http://wordart.com/go?word=lp
TRIED;1;Random;Random;Random;Yes;http://wordart.com/go?word=tried
LIFT;1;Random;Random;Random;Yes;http://wordart.com/go?word=lift
DIFFERENCE;1;Random;Random;Random;Yes;http://wordart.com/go?word=difference
BETWEEN;1;Random;Random;Random;Yes;http://wordart.com/go?word=between
WACK;1;Random;Random;Random;Yes;http://wordart.com/go?word=wack
WORLD'S;1;Random;Random;Random;Yes;http://wordart.com/go?word=world's
KID;1;Random;Random;Random;Yes;http://wordart.com/go?word=kid
CAPRI;1;Random;Random;Random;Yes;http://wordart.com/go?word=capri
PARADISE;1;Random;Random;Random;Yes;http://wordart.com/go?word=paradise
GIVIN';1;Random;Random;Random;Yes;http://wordart.com/go?word=givin'
SHALL;1;Random;Random;Random;Yes;http://wordart.com/go?word=shall
SMITE;1;Random;Random;Random;Yes;http://wordart.com/go?word=smite
MADNESS;1;Random;Random;Random;Yes;http://wordart.com/go?word=madness
BLINDNESS;1;Random;Random;Random;Yes;http://wordart.com/go?word=blindness
ASTONISHMENT;1;Random;Random;Random;Yes;http://wordart.com/go?word=astonishment
FINALLY;1;Random;Random;Random;Yes;http://wordart.com/go?word=finally
MEMO;1;Random;Random;Random;Yes;http://wordart.com/go?word=memo
CARRY;1;Random;Random;Random;Yes;http://wordart.com/go?word=carry
BURDENS;1;Random;Random;Random;Yes;http://wordart.com/go?word=burdens
BLEED;1;Random;Random;Random;Yes;http://wordart.com/go?word=bleed
STONE;1;Random;Random;Random;Yes;http://wordart.com/go?word=stone
THROWN;1;Random;Random;Random;Yes;http://wordart.com/go?word=thrown
RESTIN';1;Random;Random;Random;Yes;http://wordart.com/go?word=restin'
BURN;1;Random;Random;Random;Yes;http://wordart.com/go?word=burn
MUH'FUCKA;1;Random;Random;Random;Yes;http://wordart.com/go?word=muh'fucka
STOLE;1;Random;Random;Random;Yes;http://wordart.com/go?word=stole
GAME;1;Random;Random;Random;Yes;http://wordart.com/go?word=game
TEARS;1;Random;Random;Random;Yes;http://wordart.com/go?word=tears
PRENTICE;1;Random;Random;Random;Yes;http://wordart.com/go?word=prentice
LIL;1;Random;Random;Random;Yes;http://wordart.com/go?word=lil
HOMEWORK;1;Random;Random;Random;Yes;http://wordart.com/go?word=homework
FINISHED;1;Random;Random;Random;Yes;http://wordart.com/go?word=finished
TEACHERS;1;Random;Random;Random;Yes;http://wordart.com/go?word=teachers
BITCHIN';1;Random;Random;Random;Yes;http://wordart.com/go?word=bitchin'
CLASS;1;Random;Random;Random;Yes;http://wordart.com/go?word=class
PIZZA;1;Random;Random;Random;Yes;http://wordart.com/go?word=pizza
WASTED;1;Random;Random;Random;Yes;http://wordart.com/go?word=wasted
JORDANS;1;Random;Random;Random;Yes;http://wordart.com/go?word=jordans
DIRTY;1;Random;Random;Random;Yes;http://wordart.com/go?word=dirty
HUMPIN';1;Random;Random;Random;Yes;http://wordart.com/go?word=humpin'
KEISHA'S;1;Random;Random;Random;Yes;http://wordart.com/go?word=keisha's
DAUGHTER;1;Random;Random;Random;Yes;http://wordart.com/go?word=daughter
THIN;1;Random;Random;Random;Yes;http://wordart.com/go?word=thin
BUKU;1;Random;Random;Random;Yes;http://wordart.com/go?word=buku
PAYMENTS;1;Random;Random;Random;Yes;http://wordart.com/go?word=payments
COUNTY;1;Random;Random;Random;Yes;http://wordart.com/go?word=county
BUILDING'S;1;Random;Random;Random;Yes;http://wordart.com/go?word=building's
FOOD;1;Random;Random;Random;Yes;http://wordart.com/go?word=food
STAMPS;1;Random;Random;Random;Yes;http://wordart.com/go?word=stamps
SOCIAL;1;Random;Random;Random;Yes;http://wordart.com/go?word=social
WORKERS;1;Random;Random;Random;Yes;http://wordart.com/go?word=workers
ANONYMOUS;1;Random;Random;Random;Yes;http://wordart.com/go?word=anonymous
CANDY;1;Random;Random;Random;Yes;http://wordart.com/go?word=candy
COLORS;1;Random;Random;Random;Yes;http://wordart.com/go?word=colors
STANDIN';1;Random;Random;Random;Yes;http://wordart.com/go?word=standin'
DEMARCUS;1;Random;Random;Random;Yes;http://wordart.com/go?word=demarcus
SNITCHIN';1;Random;Random;Random;Yes;http://wordart.com/go?word=snitchin'
FALSED;1;Random;Random;Random;Yes;http://wordart.com/go?word=falsed
ACCUSED;1;Random;Random;Random;Yes;http://wordart.com/go?word=accused
HOOD;1;Random;Random;Random;Yes;http://wordart.com/go?word=hood
PRESSIN';1;Random;Random;Random;Yes;http://wordart.com/go?word=pressin'
SMOKERS;1;Random;Random;Random;Yes;http://wordart.com/go?word=smokers
BATS;1;Random;Random;Random;Yes;http://wordart.com/go?word=bats
BLUE;1;Random;Random;Random;Yes;http://wordart.com/go?word=blue
BADGES;1;Random;Random;Random;Yes;http://wordart.com/go?word=badges
SLAMMED;1;Random;Random;Random;Yes;http://wordart.com/go?word=slammed
WHITE;1;Random;Random;Random;Yes;http://wordart.com/go?word=white
PAINT;1;Random;Random;Random;Yes;http://wordart.com/go?word=paint
BONES;1;Random;Random;Random;Yes;http://wordart.com/go?word=bones
SNAPPIN';1;Random;Random;Random;Yes;http://wordart.com/go?word=snappin'
PANIC;1;Random;Random;Random;Yes;http://wordart.com/go?word=panic
LAX;1;Random;Random;Random;Yes;http://wordart.com/go?word=lax
MOVIN';1;Random;Random;Random;Yes;http://wordart.com/go?word=movin'
APARTMENTS;1;Random;Random;Random;Yes;http://wordart.com/go?word=apartments
DEFUSE;1;Random;Random;Random;Yes;http://wordart.com/go?word=defuse
ARGUIN';1;Random;Random;Random;Yes;http://wordart.com/go?word=arguin'
WORRIES;1;Random;Random;Random;Yes;http://wordart.com/go?word=worries
HURRY;1;Random;Random;Random;Yes;http://wordart.com/go?word=hurry
